id,first_name,last_name,email,sex,birthdate
0,UAgvhaDuMbueEOQrGJqDeAXKndXmVuDmcFCKCoxcdcpf,LCYIPlYLdguSJwcwgGeUZTlTkdaoBmYmVvyudtiVvBfcHOf,TqnEuEYvDlYmxNKqyMVYasMZhJoMuvviyhcLDHXKVwBcfycvYsnHrMTumfNPelxpTUBlRMOupeZavoTybUeDGy@email.TqnEuEYvDlYmxNKqyMVYasMZhJoMuvviyhcLDHXKVwBcfycvYsnHrMTumfNPelxpTUBlRMOupeZavoTybUeDGy.com,Male,2019-04-04
1,YBM,LCYIPlYLdguSJwcwgGeUZTlTkdaoBmYmVvyudtiVvBfcHOf,lIiIZCqMJuQavougNFkjnZDJDSILwzwlNGyonaXBJOaPKNHcbulPixjtQfJMFbQhlyuYhmBSviHgfln@email.lIiIZCqMJuQavougNFkjnZDJDSILwzwlNGyonaXBJOaPKNHcbulPixjtQfJMFbQhlyuYhmBSviHgfln.com,Female,2010-01-06
2,lXawmNxBeVJpUpswnIUKuEklgtezz,LCYIPlYLdguSJwcwgGeUZTlTkdaoBmYmVvyudtiVvBfcHOf,zPDOUKlyTGjngIqI@email.zPDOUKlyTGjngIqI.com,Female,2027-08-19
3,t,CRZhgiTpiDQYyxrIoxIilXknSPIzwdyzMp,BcC@email.BcC.com,Male,2085-08-20
4,OwoxFHFbQVDKaZekQKW,LCYIPlYLdguSJwcwgGeUZTlTkdaoBmYmVvyudtiVvBfcHOf,AtzxcxoLmHKCSDQZkZuflprmdTVjTTsHdqzOOSIcTXtKxuUsfJQfqWdTvoMomOcLBwVgSISiByTyOxHmmrOyGp@email.AtzxcxoLmHKCSDQZkZuflprmdTVjTTsHdqzOOSIcTXtKxuUsfJQfqWdTvoMomOcLBwVgSISiByTyOxHmmrOyGp.com,Female,2064-05-15
5,cnaZhhavkaBGbQIZOCsxQwidMQoEpG,rXtoZNlzh,SnMbadofeeNJORNEalqaeAmDXmQIsihsNnxMSXdrhUTmQMEYCalnyply@email.SnMbadofeeNJORNEalqaeAmDXmQIsihsNnxMSXdrhUTmQMEYCalnyply.com,Female,2094-10-04
6,OwoxFHFbQVDKaZekQKW,LCYIPlYLdguSJwcwgGeUZTlTkdaoBmYmVvyudtiVvBfcHOf,tMIkowsdJkpcVbzzyjtgQlCymLvnkAdunqkmdyOkEywzudzkLhmcw@email.tMIkowsdJkpcVbzzyjtgQlCymLvnkAdunqkmdyOkEywzudzkLhmcw.com,Female,2060-05-06
7,qNcwdyenskowDikSVgCRcZcmfvJsEmOMAxSlfnopPqXZeYp,LCYIPlYLdguSJwcwgGeUZTlTkdaoBmYmVvyudtiVvBfcHOf,JJeOsrIqFYePUFndJqIbRaqdKGSUmRujlycJpf@email.JJeOsrIqFYePUFndJqIbRaqdKGSUmRujlycJpf.com,Female,2062-11-17
8,OwoxFHFbQVDKaZekQKW,LCYIPlYLdguSJwcwgGeUZTlTkdaoBmYmVvyudtiVvBfcHOf,neNxeorAQNxBCKUWoxIOiUQpaELzTRYSrOwDcjdLIReTxWIZBKLBVz@email.neNxeorAQNxBCKUWoxIOiUQpaELzTRYSrOwDcjdLIReTxWIZBKLBVz.com,Female,2003-06-22
9,OwoxFHFbQVDKaZekQKW,LCYIPlYLdguSJwcwgGeUZTlTkdaoBmYmVvyudtiVvBfcHOf,IabsLYFZgtTZXhMoYDDcoNVENnsUVvrbDQODIPJmieKrvGALAJRsqwoajynniNTHJFJCLqnAKNUHylC@email.IabsLYFZgtTZXhMoYDDcoNVENnsUVvrbDQODIPJmieKrvGALAJRsqwoajynniNTHJFJCLqnAKNUHylC.com,Female,2056-11-09
10,VGhzHyXCNrTElAuUNlhSihr,LCYIPlYLdguSJwcwgGeUZTlTkdaoBmYmVvyudtiVvBfcHOf,WXvLYDyQdyOmsycwhBNYFOxWslxDXrDZJnLirHbwslJhCINbqaNzUcYQqApZ@email.WXvLYDyQdyOmsycwhBNYFOxWslxDXrDZJnLirHbwslJhCINbqaNzUcYQqApZ.com,Male,2040-06-29
11,a,LCYIPlYLdguSJwcwgGeUZTlTkdaoBmYmVvyudtiVvBfcHOf,IoeYa@email.IoeYa.com,Female,2076-03-01
12,aegCyAhLeWBsBCMSfplInRWBzNxzwbep,LCYIPlYLdguSJwcwgGeUZTlTkdaoBmYmVvyudtiVvBfcHOf,MXDsTVUYLtl@email.MXDsTVUYLtl.com,Female,2078-08-06
13,OwoxFHFbQVDKaZekQKW,LCYIPlYLdguSJwcwgGeUZTlTkdaoBmYmVvyudtiVvBfcHOf,fzdhzYnllaVcGmNbEEUAZficcbCrfXbGVCfSWdobPuCKvmnRLKiWRfkAKQcDXpPWxOooo@email.fzdhzYnllaVcGmNbEEUAZficcbCrfXbGVCfSWdobPuCKvmnRLKiWRfkAKQcDXpPWxOooo.com,Female,2074-06-01
14,TzCcCAhzIhRkvWjDkCqxVeMkxIU,tXtTWnpE,SonYZFYihdPQbVYTFayIjIfYjeKWJypbslbBJzPTDkxYzKIWGUVv@email.SonYZFYihdPQbVYTFayIjIfYjeKWJypbslbBJzPTDkxYzKIWGUVv.com,Male,2056-11-12
15,yWnqvQeRqqalRYowuUOMl,hk,KZcSwZmgKNAUhvydWGHyYRBoRcdnoMUyiKJwwSkchzCyxOWaZUyOKYqNnMdxydfYOJKnPJCdk@email.KZcSwZmgKNAUhvydWGHyYRBoRcdnoMUyiKJwwSkchzCyxOWaZUyOKYqNnMdxydfYOJKnPJCdk.com,Female,2074-09-29
16,JpVqlnoMzDjPLis,LCYIPlYLdguSJwcwgGeUZTlTkdaoBmYmVvyudtiVvBfcHOf,XCrZdBbzfVsZHLVUJtzNJbHsmYZZdSjvcjVlthKLjEAoyZtclJKpLqilWlbvmCLyTVTddWE@email.XCrZdBbzfVsZHLVUJtzNJbHsmYZZdSjvcjVlthKLjEAoyZtclJKpLqilWlbvmCLyTVTddWE.com,Male,2099-02-13
17,gnbivDUKEYuvidvkezqdOF,LCYIPlYLdguSJwcwgGeUZTlTkdaoBmYmVvyudtiVvBfcHOf,ZKYNfqfFhxfpsQKhVHCxcKxZsCGZZAfrQpEtPgjGuwNCXepqLTCsHxOJnVgnvbJrKm@email.ZKYNfqfFhxfpsQKhVHCxcKxZsCGZZAfrQpEtPgjGuwNCXepqLTCsHxOJnVgnvbJrKm.com,Male,2056-12-17
18,eiToikTjwPtlVblZSDuZdNGaTmCqNwuEUOpSGPDb,LCYIPlYLdguSJwcwgGeUZTlTkdaoBmYmVvyudtiVvBfcHOf,LdjocknAKzCbxzSgEwtcXhVYznvLnzbslUWchCYcYFgyDPtVOap@email.LdjocknAKzCbxzSgEwtcXhVYznvLnzbslUWchCYcYFgyDPtVOap.com,Male,2001-05-12
19,GdqtchwUVGhRUmxwyYeGQ,LCYIPlYLdguSJwcwgGeUZTlTkdaoBmYmVvyudtiVvBfcHOf,keYeDyQI@email.keYeDyQI.com,Male,2038-08-01
20,xKDfvsKMfiFgIWmx,VNdmJqNDRtpQltbELkUubeGSMekeYjBklRNiQXSoC,cJiXlWsIVsOYEaiDCVDiqXDAVRfTrVS@email.cJiXlWsIVsOYEaiDCVDiqXDAVRfTrVS.com,Male,2030-04-21
21,OwoxFHFbQVDKaZekQKW,LCYIPlYLdguSJwcwgGeUZTlTkdaoBmYmVvyudtiVvBfcHOf,nNhXgigmVYGKoRtZRpqLLwupyYitqxay@email.nNhXgigmVYGKoRtZRpqLLwupyYitqxay.com,Female,2042-11-27
22,APIDXuE,LCYIPlYLdguSJwcwgGeUZTlTkdaoBmYmVvyudtiVvBfcHOf,iBLriqztaysypqOiAyMVnMCI@email.iBLriqztaysypqOiAyMVnMCI.com,Male,2003-05-06
23,UDbCbKZNHFqvoFiYGA,LCYIPlYLdguSJwcwgGeUZTlTkdaoBmYmVvyudtiVvBfcHOf,DctHJtVSxmDhRFCEEkFrfPnqOTZiNZPCFrZIlGKAHbTfizYDASmlOtyTKOZzPQELEIk@email.DctHJtVSxmDhRFCEEkFrfPnqOTZiNZPCFrZIlGKAHbTfizYDASmlOtyTKOZzPQELEIk.com,Female,2058-08-24
24,gh,LCYIPlYLdguSJwcwgGeUZTlTkdaoBmYmVvyudtiVvBfcHOf,DoDVi@email.DoDVi.com,Male,2036-09-23
25,NyYxphnWcYdYikgXGUwHNBhrwSYlKYqbnuWYuhkIqHgvLmQNHO,LCYIPlYLdguSJwcwgGeUZTlTkdaoBmYmVvyudtiVvBfcHOf,rFXrrSFDmmMBpVfAoXmKvhJibCmoMmHKsfY@email.rFXrrSFDmmMBpVfAoXmKvhJibCmoMmHKsfY.com,Male,2099-06-22
26,svoRCl,F,AsBJivBGln@email.AsBJivBGln.com,Female,2080-08-16
27,OwoxFHFbQVDKaZekQKW,LCYIPlYLdguSJwcwgGeUZTlTkdaoBmYmVvyudtiVvBfcHOf,KCMMgpoUvXFmUzEWQhGxMBKsozUJMpxYugXCoXpzkPglnrlZYufcYqumQxeFUhpTjlDygfrrvk@email.KCMMgpoUvXFmUzEWQhGxMBKsozUJMpxYugXCoXpzkPglnrlZYufcYqumQxeFUhpTjlDygfrrvk.com,Female,2079-06-16
28,urkylJfWLeqwQLPAgIORgMDvbwarBNMAdDslnuxYYe,LCYIPlYLdguSJwcwgGeUZTlTkdaoBmYmVvyudtiVvBfcHOf,CZDRQjUXqSHgoQshljGqfKRaABWIEsaWPYSVtJapHYycZ@email.CZDRQjUXqSHgoQshljGqfKRaABWIEsaWPYSVtJapHYycZ.com,Male,2095-01-17
29,AdUyabjJmuLjjVDgAeUmqIESNnkiCONyxm,LKHcGNmKRaXoaJFrQbeHbzookxTRintbkVgUqtVIKyfP,bUvPDoohAUVTHvYiicbcDezgSsSLfGBSZgMSfWARMeYosRPLLRHjqilCCHhuI@email.bUvPDoohAUVTHvYiicbcDezgSsSLfGBSZgMSfWARMeYosRPLLRHjqilCCHhuI.com,Female,2097-04-09
30,OwoxFHFbQVDKaZekQKW,wVLyFsohe,HzmxXKCBsyUgQxcAquo@email.HzmxXKCBsyUgQxcAquo.com,Male,2093-08-27
31,OwoxFHFbQVDKaZekQKW,LCYIPlYLdguSJwcwgGeUZTlTkdaoBmYmVvyudtiVvBfcHOf,CsVpJWlRwBTztIuNmliGbyAcRucDOxEzUxHNImScs@email.CsVpJWlRwBTztIuNmliGbyAcRucDOxEzUxHNImScs.com,Female,2031-01-09
32,OwoxFHFbQVDKaZekQKW,dDEGoZOPsocGKcIHxiHmiRDcnNL,FKZVinPdCADXRIHZhMmGGRScYhUJmXKplgqfzPVhVIBdDAnRqBiwQRTcyoXnWPPgkOoKOYEDYpJzhEwva@email.FKZVinPdCADXRIHZhMmGGRScYhUJmXKplgqfzPVhVIBdDAnRqBiwQRTcyoXnWPPgkOoKOYEDYpJzhEwva.com,Female,2060-09-14
33,EOaTfqZdokUrnmmspCinGKsoLButy,LCYIPlYLdguSJwcwgGeUZTlTkdaoBmYmVvyudtiVvBfcHOf,xPLxYqlwDpLgBzkAKFmTNsPkLKouRWivcdJSOMgHrAZeTkivsxWKypCCPbC@email.xPLxYqlwDpLgBzkAKFmTNsPkLKouRWivcdJSOMgHrAZeTkivsxWKypCCPbC.com,Male,2027-10-26
34,toZQtveMCXpYAvzYgbGWTHEGt,LCYIPlYLdguSJwcwgGeUZTlTkdaoBmYmVvyudtiVvBfcHOf,onlrIgwApctYiWympFyJDDqvCLlgjnZHQoOCnGIkWDA@email.onlrIgwApctYiWympFyJDDqvCLlgjnZHQoOCnGIkWDA.com,Female,2083-12-09
35,WMnOEUjlhpzvGCavAvYwWmScIezPOYcRjyPXTu,LCYIPlYLdguSJwcwgGeUZTlTkdaoBmYmVvyudtiVvBfcHOf,yHzwvQOExNAJqFJdivfXErdFiUaANWyjIjzTJRQkxIUQNQPfwbuuAN@email.yHzwvQOExNAJqFJdivfXErdFiUaANWyjIjzTJRQkxIUQNQPfwbuuAN.com,Male,2038-03-13
36,OwoxFHFbQVDKaZekQKW,LCYIPlYLdguSJwcwgGeUZTlTkdaoBmYmVvyudtiVvBfcHOf,NInuhSTFQGeZqOekUgCQgehSiSNbnMvtsJTiEydEGmDxGuoZmSnlJdTxZfMwSAnHoLVbIClU@email.NInuhSTFQGeZqOekUgCQgehSiSNbnMvtsJTiEydEGmDxGuoZmSnlJdTxZfMwSAnHoLVbIClU.com,Male,2022-08-20
37,MyqjAGkGVSrURyRdfyzKGQevsyh,oyKIbPgyJKdcJrJMYzNJkchahNlsUlNlieArabJFZQLYOBBQA,KlllWUTcWtFmjndl@email.KlllWUTcWtFmjndl.com,Male,2087-09-11
38,OdQgJtzvPsPt,LCYIPlYLdguSJwcwgGeUZTlTkdaoBmYmVvyudtiVvBfcHOf,BhSiOffsXNAGjnoRjoQBZwtyUYHQVgTvAziODbpAzctlCYEdLMNodysXuzQVeqiLzVcGYrqYOyrxc@email.BhSiOffsXNAGjnoRjoQBZwtyUYHQVgTvAziODbpAzctlCYEdLMNodysXuzQVeqiLzVcGYrqYOyrxc.com,Female,2019-07-24
39,OwoxFHFbQVDKaZekQKW,LCYIPlYLdguSJwcwgGeUZTlTkdaoBmYmVvyudtiVvBfcHOf,BZjdnheugtiYIjOHKEolclLsoWRCGGhSFwAWsfslMSls@email.BZjdnheugtiYIjOHKEolclLsoWRCGGhSFwAWsfslMSls.com,Female,2011-04-16
40,KdnrsPHDHUerhNtulEeV,LCYIPlYLdguSJwcwgGeUZTlTkdaoBmYmVvyudtiVvBfcHOf,PhWrMvxekDiCIIbgyiKPAYphkldcIPkVeCgDhqHHeipXLeOdlUmZyYHCVfAClA@email.PhWrMvxekDiCIIbgyiKPAYphkldcIPkVeCgDhqHHeipXLeOdlUmZyYHCVfAClA.com,Male,2055-05-08
41,Il,LCYIPlYLdguSJwcwgGeUZTlTkdaoBmYmVvyudtiVvBfcHOf,VMnhVQVyUvquINQhyJUyDESgj@email.VMnhVQVyUvquINQhyJUyDESgj.com,Male,2090-03-19
42,PtknoUOCKUIiMnjOy,LCYIPlYLdguSJwcwgGeUZTlTkdaoBmYmVvyudtiVvBfcHOf,QJYVkwWtOfdxOcrDNHkrpf@email.QJYVkwWtOfdxOcrDNHkrpf.com,Male,2074-10-19
43,kKRVZNVpoKsSPDAfDdgqlRiqjKctuTD,LCYIPlYLdguSJwcwgGeUZTlTkdaoBmYmVvyudtiVvBfcHOf,QlHUMGsiEruvtyqJddlOIbxMREudYNXLPeRQQOQmTFnnHChSffdkwNUYahEeKBIqOWnTqjCrQvWKlNisY@email.QlHUMGsiEruvtyqJddlOIbxMREudYNXLPeRQQOQmTFnnHChSffdkwNUYahEeKBIqOWnTqjCrQvWKlNisY.com,Other,2030-04-13
44,LMkuHaeNnCzeMIhMXOMQikB,EQIusxccZDy,eWVybkasIfCIBg@email.eWVybkasIfCIBg.com,Female,2046-01-12
45,VhchClsKgAnblGMyPcqxNZKcFobRsmBULEXivpyyOMMNiZy,LCYIPlYLdguSJwcwgGeUZTlTkdaoBmYmVvyudtiVvBfcHOf,TbUVrmzgSrrAHwFUuFgOAOVFjzfuMaBXctbXsppYEvMrIQUgdbeOVPYAFVqOeUzDBJUhdIupLX@email.TbUVrmzgSrrAHwFUuFgOAOVFjzfuMaBXctbXsppYEvMrIQUgdbeOVPYAFVqOeUzDBJUhdIupLX.com,Male,2067-02-27
46,OwoxFHFbQVDKaZekQKW,LCYIPlYLdguSJwcwgGeUZTlTkdaoBmYmVvyudtiVvBfcHOf,dYoBNUUvxtHuiALgpsTWvEFrlttnKFXqaKLDKvVscuFqMioJwbUmelaByXRjNnHqMdzqZ@email.dYoBNUUvxtHuiALgpsTWvEFrlttnKFXqaKLDKvVscuFqMioJwbUmelaByXRjNnHqMdzqZ.com,Male,2084-12-27
47,WOrKIciqSKfplGicaPOWpOoVLfSApfCpHqlRdFSDIBXyvP,EYmdBgvyBBIbBbuSsKhgLrvzzhkpBjQnF,WSOXNRwWHAXuoHWJmXAoPBAVcEOXZpzCwZgcwOvzrYFRYbKjrOIahWGKbAlSl@email.WSOXNRwWHAXuoHWJmXAoPBAVcEOXZpzCwZgcwOvzrYFRYbKjrOIahWGKbAlSl.com,Female,2040-09-07
48,gVQJFvXQtiLdIFecGAGTyZFCYofjMFiCojtXCLxVxlsaGcZ,LCYIPlYLdguSJwcwgGeUZTlTkdaoBmYmVvyudtiVvBfcHOf,MG@email.MG.com,Female,2047-08-08
49,MxtRaf,LCYIPlYLdguSJwcwgGeUZTlTkdaoBmYmVvyudtiVvBfcHOf,dfTtmeiGaAcdKd@email.dfTtmeiGaAcdKd.com,Male,2092-01-22
50,oJglcGLchKSOAoYPWOuG,LCYIPlYLdguSJwcwgGeUZTlTkdaoBmYmVvyudtiVvBfcHOf,bCqrDZExoLCshDKQGgpHKpulZvrfBdyJERujmYEaPzAifKmccI@email.bCqrDZExoLCshDKQGgpHKpulZvrfBdyJERujmYEaPzAifKmccI.com,Female,2086-07-09
51,nPrnastKouWRoWkCWgFtSjgPSKzuWGDW,LCYIPlYLdguSJwcwgGeUZTlTkdaoBmYmVvyudtiVvBfcHOf,lGSnNLYKz@email.lGSnNLYKz.com,Male,2074-03-10
52,QAqvlyqdvuKnmwxntAfoFwkZcBmBmnR,LCYIPlYLdguSJwcwgGeUZTlTkdaoBmYmVvyudtiVvBfcHOf,QkDiYlpBNIKysyeQuODxOSsfpQKpnpkLcvuBXkCZNJsmSd@email.QkDiYlpBNIKysyeQuODxOSsfpQKpnpkLcvuBXkCZNJsmSd.com,Female,2075-11-11
53,XhvabioteSTqjGOA,LCYIPlYLdguSJwcwgGeUZTlTkdaoBmYmVvyudtiVvBfcHOf,wPLdrJirfpnvspumxXoXYUxkkfDdEIwpKht@email.wPLdrJirfpnvspumxXoXYUxkkfDdEIwpKht.com,Male,2062-04-08
54,gommqsZ,LCYIPlYLdguSJwcwgGeUZTlTkdaoBmYmVvyudtiVvBfcHOf,nwjpzvssTRQbfGhGgxoJkfzyBJ@email.nwjpzvssTRQbfGhGgxoJkfzyBJ.com,Male,2068-12-21
55,DAToqHtAhlYvxObnIE,PxBnwcxLyZQUBOnreBODSUZiaDzwXgHkJbKEUwXImUui,JlwxCSDWEDKks@email.JlwxCSDWEDKks.com,Female,2089-03-05
56,OwoxFHFbQVDKaZekQKW,LCYIPlYLdguSJwcwgGeUZTlTkdaoBmYmVvyudtiVvBfcHOf,LuANacFoRYnGKnqtluyJQGBAUzwthGVQuYDbLiHnGrFXhYhygvMU@email.LuANacFoRYnGKnqtluyJQGBAUzwthGVQuYDbLiHnGrFXhYhygvMU.com,Male,2030-05-28
57,OwoxFHFbQVDKaZekQKW,LCYIPlYLdguSJwcwgGeUZTlTkdaoBmYmVvyudtiVvBfcHOf,DAJoBPfzigTJAQvBjrTVXJyAgiTYbuSOyjPerDIDFToPsGJSjejhVbvkuILiciDaBdjnXOcwxBQkD@email.DAJoBPfzigTJAQvBjrTVXJyAgiTYbuSOyjPerDIDFToPsGJSjejhVbvkuILiciDaBdjnXOcwxBQkD.com,Female,2083-08-21
58,RKybLHImOHQozUtolSwbukafUCQvsiFBFFoZqsLqVlftiJuO,LCYIPlYLdguSJwcwgGeUZTlTkdaoBmYmVvyudtiVvBfcHOf,nKFFlUCVjLAGSNyhRxJvlGOVtliJ@email.nKFFlUCVjLAGSNyhRxJvlGOVtliJ.com,Female,2012-09-24
59,OwoxFHFbQVDKaZekQKW,LCYIPlYLdguSJwcwgGeUZTlTkdaoBmYmVvyudtiVvBfcHOf,GFaYjgtXxKKYEduPxmTIFfHbjo@email.GFaYjgtXxKKYEduPxmTIFfHbjo.com,Male,2085-08-29
60,OwoxFHFbQVDKaZekQKW,LCYIPlYLdguSJwcwgGeUZTlTkdaoBmYmVvyudtiVvBfcHOf,UTEeeyGGUiyqJkn@email.UTEeeyGGUiyqJkn.com,Male,2025-02-04
61,OwoxFHFbQVDKaZekQKW,LCYIPlYLdguSJwcwgGeUZTlTkdaoBmYmVvyudtiVvBfcHOf,wwhvRAemLwsYqWxKRzluSMlecBCNqJVYPhCMuwnWSYoKvSGPpJsSsVXpmQaU@email.wwhvRAemLwsYqWxKRzluSMlecBCNqJVYPhCMuwnWSYoKvSGPpJsSsVXpmQaU.com,Male,2063-05-04
62,hWzqyXULCszBekmFuZNNCUaPfsIdVlwshXOLAdsauvbeUGvCn,LCYIPlYLdguSJwcwgGeUZTlTkdaoBmYmVvyudtiVvBfcHOf,rmrutbQkljqLEILDcvHmcqOJphnaLIErJIsGGUHIJABkcjEIUUEuAnqZEbsdXEfYhtajdDnUXmNGlNpsPtK@email.rmrutbQkljqLEILDcvHmcqOJphnaLIErJIsGGUHIJABkcjEIUUEuAnqZEbsdXEfYhtajdDnUXmNGlNpsPtK.com,Male,2020-07-31
63,OwoxFHFbQVDKaZekQKW,LCYIPlYLdguSJwcwgGeUZTlTkdaoBmYmVvyudtiVvBfcHOf,BaBmVRRYjbmECUJMZFMdBqLdAWPTsPnqISgmRxTIRyzrCLSNvxDDlhaxvUFtupFZNELpDisnSMfEkBd@email.BaBmVRRYjbmECUJMZFMdBqLdAWPTsPnqISgmRxTIRyzrCLSNvxDDlhaxvUFtupFZNELpDisnSMfEkBd.com,Male,2075-02-05
64,OwoxFHFbQVDKaZekQKW,LCYIPlYLdguSJwcwgGeUZTlTkdaoBmYmVvyudtiVvBfcHOf,hjEpCtJPyNJfjlSneYGpoPmkCkaZLSOpswzlzdVplAGsTwmEyEVYuWSUaGVXvxlFwZumYaohfzHpySfVuuJtm@email.hjEpCtJPyNJfjlSneYGpoPmkCkaZLSOpswzlzdVplAGsTwmEyEVYuWSUaGVXvxlFwZumYaohfzHpySfVuuJtm.com,Female,2070-02-03
65,xvjmhZUVfQUXOtJoPmOoLEpYMmbnYpTfcmaBxbtTsULTXsvUo,LCYIPlYLdguSJwcwgGeUZTlTkdaoBmYmVvyudtiVvBfcHOf,QmdkjhJNTVlVtxvzPfUbfVoQGUltmaqJpLthEEIiTFezNWslJFdfFzhOruaSagnxhReuxQKu@email.QmdkjhJNTVlVtxvzPfUbfVoQGUltmaqJpLthEEIiTFezNWslJFdfFzhOruaSagnxhReuxQKu.com,Male,2012-06-24
66,SDEVXGyrvqJaBDCGTUYzMGXYpVFuUlPFpsdciZ,LCYIPlYLdguSJwcwgGeUZTlTkdaoBmYmVvyudtiVvBfcHOf,lnmuty@email.lnmuty.com,Male,2007-10-25
67,NkyscITsvFBzhDDVDkUTiPQZpac,LCYIPlYLdguSJwcwgGeUZTlTkdaoBmYmVvyudtiVvBfcHOf,YWjVdvwnJyISLGPQuAUluoXZFaQAkGhIoenDhISvuztzizhLrwNdYaSjAxUsStZCPvvWsVmNtpXcHtmuyM@email.YWjVdvwnJyISLGPQuAUluoXZFaQAkGhIoenDhISvuztzizhLrwNdYaSjAxUsStZCPvvWsVmNtpXcHtmuyM.com,Male,2013-08-23
68,OwoxFHFbQVDKaZekQKW,pKDKzxtpEazBCsNkTc,P@email.P.com,Female,2071-07-02
69,JKIVuCUeexcdmGEnkYEMRclUESVEhcXtdEUMnmNsI,VMTMsYhvloCnaapKSkffoulPiRbmDCB,mNSUwbqMVpMTlIHUPmhgUhtXZiPWcQAAyyQfzVUqTsCPfkcEj@email.mNSUwbqMVpMTlIHUPmhgUhtXZiPWcQAAyyQfzVUqTsCPfkcEj.com,Other,2000-01-10
70,OwoxFHFbQVDKaZekQKW,LCYIPlYLdguSJwcwgGeUZTlTkdaoBmYmVvyudtiVvBfcHOf,hyaIy@email.hyaIy.com,Male,2058-01-18
71,VOiPsPReHkwXGdyazzwMKgAsdrEXjF,LCYIPlYLdguSJwcwgGeUZTlTkdaoBmYmVvyudtiVvBfcHOf,DhotJqXeQplR@email.DhotJqXeQplR.com,Male,2013-09-27
72,vfUYJF,XHbiahhlKtdKchRcOoDegrWxUaQCBpIMwNfm,gdbfNgoeXNqqRzltHEseyWOHCmPlNwxOocAKJwzljwkNCklvYdJrCMTaAaRWAOwartssVZ@email.gdbfNgoeXNqqRzltHEseyWOHCmPlNwxOocAKJwzljwkNCklvYdJrCMTaAaRWAOwartssVZ.com,Male,2032-09-27
73,OwoxFHFbQVDKaZekQKW,LCYIPlYLdguSJwcwgGeUZTlTkdaoBmYmVvyudtiVvBfcHOf,wHFbRdLOEWGJRhQsKVoLPsgPDznLNdrlBGVaJmATDPpfqHUPPpLWbjadCFwyEBJYtMySlIsSUSFfENYCKkulZYORf@email.wHFbRdLOEWGJRhQsKVoLPsgPDznLNdrlBGVaJmATDPpfqHUPPpLWbjadCFwyEBJYtMySlIsSUSFfENYCKkulZYORf.com,Female,2088-08-04
74,OwoxFHFbQVDKaZekQKW,LkoSZLpGTRNjCfFwytcNhFXSa,kCZLyGIxKlVUfbKoYuHYdhhfQCUkdm@email.kCZLyGIxKlVUfbKoYuHYdhhfQCUkdm.com,Male,2059-07-20
75,S,LCYIPlYLdguSJwcwgGeUZTlTkdaoBmYmVvyudtiVvBfcHOf,nESmuCHRxiQLM@email.nESmuCHRxiQLM.com,Male,2031-01-25
76,pnNsdJfXSgdmo,LCYIPlYLdguSJwcwgGeUZTlTkdaoBmYmVvyudtiVvBfcHOf,hTpP@email.hTpP.com,Other,2060-08-19
77,oiPpmBXrNWmJRRshpzFXLddtSvyCakeZ,LCYIPlYLdguSJwcwgGeUZTlTkdaoBmYmVvyudtiVvBfcHOf,GZ@email.GZ.com,Male,2051-02-10
78,OwoxFHFbQVDKaZekQKW,LCYIPlYLdguSJwcwgGeUZTlTkdaoBmYmVvyudtiVvBfcHOf,jlZTMgTUGtDHbhSSPKPpfyLJLoQhGfJjTrFMbwqEKoHyXmgNsW@email.jlZTMgTUGtDHbhSSPKPpfyLJLoQhGfJjTrFMbwqEKoHyXmgNsW.com,Female,2084-03-13
79,amxKiWFhfyPfnsvaYOYQdQAQfRwxNvVWjCzbLalIBoTBRgAV,WzHhXe,KpIWeyXPhSkElwJgcpgrRqSeccXLUevBIbVMhqNiArHiGBrxFRBOgNXXeCcBerfLzsVAMdwOARpPyJNZ@email.KpIWeyXPhSkElwJgcpgrRqSeccXLUevBIbVMhqNiArHiGBrxFRBOgNXXeCcBerfLzsVAMdwOARpPyJNZ.com,Female,2007-01-11
80,BPxA,LCYIPlYLdguSJwcwgGeUZTlTkdaoBmYmVvyudtiVvBfcHOf,YEmaUoIDdIPVbEDwSL@email.YEmaUoIDdIPVbEDwSL.com,Male,2042-08-14
81,OwoxFHFbQVDKaZekQKW,LCYIPlYLdguSJwcwgGeUZTlTkdaoBmYmVvyudtiVvBfcHOf,MAmggzEXpraUEsRGPgQQFMgTWFX@email.MAmggzEXpraUEsRGPgQQFMgTWFX.com,Male,2073-02-26
82,JBRIVCXsLvheYKFSWeZNNg,LCYIPlYLdguSJwcwgGeUZTlTkdaoBmYmVvyudtiVvBfcHOf,DwQi@email.DwQi.com,Female,2052-08-03
83,CH,IAnYernoyQxsq,HYJqjbEnuiiGwRwADMuqffSixWfPYWVpGJZgppttrECPvYgTxsbiCPKwXlqRaOAIOGaezUsB@email.HYJqjbEnuiiGwRwADMuqffSixWfPYWVpGJZgppttrECPvYgTxsbiCPKwXlqRaOAIOGaezUsB.com,Female,2036-06-30
84,EISgiTPMrZoBXaHvYsRllXJmxg,LCYIPlYLdguSJwcwgGeUZTlTkdaoBmYmVvyudtiVvBfcHOf,oWvlFrNLcVbqtFiSyXLBKGr@email.oWvlFrNLcVbqtFiSyXLBKGr.com,Female,2066-07-08
85,OwoxFHFbQVDKaZekQKW,LCYIPlYLdguSJwcwgGeUZTlTkdaoBmYmVvyudtiVvBfcHOf,ZsYpeqUjHejqKHJTnMYoLhCh@email.ZsYpeqUjHejqKHJTnMYoLhCh.com,Female,2030-04-24
86,torlTgrNVXIXIlwHSaAjkjAaaHEZqzSAFCPArznpchbVdOZq,LCYIPlYLdguSJwcwgGeUZTlTkdaoBmYmVvyudtiVvBfcHOf,FeOMauEszeqkWMmlFZlRTpZXJUaIEjphmwaDvmqXPkaYkYiKtq@email.FeOMauEszeqkWMmlFZlRTpZXJUaIEjphmwaDvmqXPkaYkYiKtq.com,Female,2038-12-04
87,OwoxFHFbQVDKaZekQKW,LCYIPlYLdguSJwcwgGeUZTlTkdaoBmYmVvyudtiVvBfcHOf,pnTSAbKzfzToFDwrdwcNqzdfNceFbaXKRmOuenwrmRqbWLUYDejgYFutXEpNJBiyXtFIbohZMzfzbcMimreXhag@email.pnTSAbKzfzToFDwrdwcNqzdfNceFbaXKRmOuenwrmRqbWLUYDejgYFutXEpNJBiyXtFIbohZMzfzbcMimreXhag.com,Female,2050-09-04
88,OwoxFHFbQVDKaZekQKW,LCYIPlYLdguSJwcwgGeUZTlTkdaoBmYmVvyudtiVvBfcHOf,wzwQHtYQJIxxIbhZYQLPUMizvLylmmTixAjgBXMJRBdgdEwFpqAucmOAmalviWNLyrtGbvH@email.wzwQHtYQJIxxIbhZYQLPUMizvLylmmTixAjgBXMJRBdgdEwFpqAucmOAmalviWNLyrtGbvH.com,Female,2095-11-12
89,aZRgdwYEOqVznLhuhVildXFEsp,IDVlUL,ScftBwvNxxUBhCwBUzqBcPGuImVS@email.ScftBwvNxxUBhCwBUzqBcPGuImVS.com,Male,2051-11-28
90,PVWTPkpDzvepJSEtneiFzrsisDMVLyj,LCYIPlYLdguSJwcwgGeUZTlTkdaoBmYmVvyudtiVvBfcHOf,wREgXWTNZHwhRAIZVScGQhTaEsQOgyaCHpmDKosxkusETHKyhXJLXjNuTftQDZeDgwCoOGbId@email.wREgXWTNZHwhRAIZVScGQhTaEsQOgyaCHpmDKosxkusETHKyhXJLXjNuTftQDZeDgwCoOGbId.com,Male,2080-03-31
91,NSLDJtPrSjdeMcImuGiIekSUlmMRACoWXhtbg,LCYIPlYLdguSJwcwgGeUZTlTkdaoBmYmVvyudtiVvBfcHOf,DCcYBbESTgnELbIOwynYTRygsWtUrzPfTifrKPKUCrxnabmgQTdXP@email.DCcYBbESTgnELbIOwynYTRygsWtUrzPfTifrKPKUCrxnabmgQTdXP.com,Male,2009-06-22
92,CuSvfnSXz,LCYIPlYLdguSJwcwgGeUZTlTkdaoBmYmVvyudtiVvBfcHOf,FiuXLOyWRgUBtyebFBWEnLWCgNGpgxscCUXgWToXHWXgfchitjsQTazsSIqMWqTMCMtOG@email.FiuXLOyWRgUBtyebFBWEnLWCgNGpgxscCUXgWToXHWXgfchitjsQTazsSIqMWqTMCMtOG.com,Female,2041-01-30
93,QKZXGvQmqfsUXGZJfrYjxzFBWfuopQLaPRotYpZXoc,LCYIPlYLdguSJwcwgGeUZTlTkdaoBmYmVvyudtiVvBfcHOf,atvVKUsHoWeCbwLGzGGjiRrlXVTFjcWwqFpGMaJXmSMbsXUHWdtjhvmmtdrCYZNdBPemjpOkXGThocR@email.atvVKUsHoWeCbwLGzGGjiRrlXVTFjcWwqFpGMaJXmSMbsXUHWdtjhvmmtdrCYZNdBPemjpOkXGThocR.com,Female,2072-08-19
94,WIQzyiUIwafZiCZjLmSligDrMCo,LCYIPlYLdguSJwcwgGeUZTlTkdaoBmYmVvyudtiVvBfcHOf,GLmTLjzywEmucoWMHYWURBUTxFfhrYHkZUOBsFRHWDRpzXLrxyfLctqeIVZrVXKrsZNlFkoucqqGAvXZjUSQpqA@email.GLmTLjzywEmucoWMHYWURBUTxFfhrYHkZUOBsFRHWDRpzXLrxyfLctqeIVZrVXKrsZNlFkoucqqGAvXZjUSQpqA.com,Other,2056-11-16
95,BDXTFPv,LCYIPlYLdguSJwcwgGeUZTlTkdaoBmYmVvyudtiVvBfcHOf,iYdzwVVUfjJlATuaoJmRdWtQiTIUrBuJTMimd@email.iYdzwVVUfjJlATuaoJmRdWtQiTIUrBuJTMimd.com,Female,2097-12-22
96,GehNGsAbgWIcgHMEGzBqAQA,LCYIPlYLdguSJwcwgGeUZTlTkdaoBmYmVvyudtiVvBfcHOf,CeQTGSDhGOvH@email.CeQTGSDhGOvH.com,Female,2029-09-20
97,OwoxFHFbQVDKaZekQKW,LCYIPlYLdguSJwcwgGeUZTlTkdaoBmYmVvyudtiVvBfcHOf,DklRaVLMfnPFsoEKN@email.DklRaVLMfnPFsoEKN.com,Female,2060-06-26
98,wWmEPhhfRCnoqajMNcdkpLZSxrpinipwNkTOqhpHLUbNZnVyx,LCYIPlYLdguSJwcwgGeUZTlTkdaoBmYmVvyudtiVvBfcHOf,xiVFikWPyqZmbBpnwdieOnMqufsIzZNsqhMxLKsYTFIoboKhczVDnNlvjsCxLKfORPpwxKiA@email.xiVFikWPyqZmbBpnwdieOnMqufsIzZNsqhMxLKsYTFIoboKhczVDnNlvjsCxLKfORPpwxKiA.com,Male,2053-10-28
99,kYVrkox,LCYIPlYLdguSJwcwgGeUZTlTkdaoBmYmVvyudtiVvBfcHOf,PoqJbdLonyrcWeTIcJjXIPNXLupMTQyaxMyXRTRjUlfplIZCumgcgh@email.PoqJbdLonyrcWeTIcJjXIPNXLupMTQyaxMyXRTRjUlfplIZCumgcgh.com,Female,2087-03-18
